variable,VIF
IDGX2,1.6437857092405335
ODGX2,5.620421578792231
BCENT10X,5.268307198975627
REACH,1.2359362273557426
PRXPREST,1.803322465265529
