exposure,outcome,wave,kind,label,beta,p,sd_x,sd_y,rr_basis,rr,evalue
IDGX2,H4TO5,W4,count-0-30,IDGX2 -> H4TO5,-0.04646210442604153,0.5892516655733349,3.68262703680254,12.727066330786128,chinn-2000,0.9878404971123208,1.1239366468770653
IDGX2,H4TO39,W4,count-0-30,IDGX2 -> H4TO39,0.03393741854196212,0.0010430986798041827,3.68262703680254,1.7808066426993616,chinn-2000,1.0659482117874213,1.331084739684616
IDGX2,H4TO70,W4,count-0-365,IDGX2 -> H4TO70,-0.009648008037795702,0.2265417614098639,3.68262703680254,1.6749148245356837,chinn-2000,0.980881270711033,1.16045695558237
IDGX2,H4TO65B,W4,binary,IDGX2 -> H4TO65B,0.00514742129786771,0.13461303490676593,3.68262703680254,0.4978289046296097,chinn-2000,1.035257759374097,1.2263097653048873
IDGX2,H4TO65C,W4,binary,IDGX2 -> H4TO65C,0.002019955235101731,0.3341874151608194,3.68262703680254,0.39321639710172596,chinn-2000,1.0173641219293634,1.1502762532783912
IDGX2,H5TO2,W5,count-0-30,IDGX2 -> H5TO2,-0.0825772620202937,0.30227270343959073,3.68262703680254,11.484831971001176,chinn-2000,0.9761925319815766,1.1824477759020082
IDGX2,H5TO12,W5,count-0-365,IDGX2 -> H5TO12,0.05628371294747118,4.462056621287964e-07,3.68262703680254,1.7526800350664529,chinn-2000,1.1136206909920734,1.4693317428496022
IDGX2,H5TO15,W5,count-0-365,IDGX2 -> H5TO15,0.040614787013589115,0.0006085065282506677,3.68262703680254,1.5381337044428882,chinn-2000,1.0925222200472389,1.4104570895562447
