spec,beta_idgx2,p,n
Primary (GSWGT4_2 only),0.009263823101364678,0.015366830758031691,3268
With attrition IPW,0.009263823101364678,0.015366830758031691,3268
