spec,beta_idgx2,p,n
Primary (GSWGT4_2 only),0.009263823101364678,0.015366830758031635,3268
With attrition IPW,0.01001196130212899,0.01147891588587598,3210
