spec,beta_idgx2,p,n
Primary (GSWGT4_2 only),0.009263823101364678,0.015366830758031635,3268
With attrition IPW,0.010012156370557596,0.011479850921963998,3210
