spec,beta_idgx2,p,n
Primary (GSWGT4_2 only),0.00926,0.0154,3268
With attrition IPW,0.010013465616910166,0.011458824877194518,3210
