metric,observed,published,abs_diff
pct_male,0.48574053028233494,0.508,0.02225946971766507
pct_NH_Black,0.15303250268828894,0.161,0.007967497311711064
mean_AH_PVT,101.79975630130272,100.7,1.099756301302719
mean_IDGX2,4.640825753858975,4.6,0.04082575385897513
