spec,naive_se,cluster_se,se_ratio,deff_proxy
S01C IDGX2 -> W4_COG_COMP,0.003212875888505405,0.0037637136432113355,1.17144694467553,1.3722879441896343
