outcome,beta_idgx2,se,p,n
HEIGHT_IN,-0.05196045377439493,0.017705174535928028,0.004050622977976426,3278
