exposure,beta,se,p,n
H1GI6C (AI/AN),-0.05822598863599977,0.06309062529645039,0.35775890167508173,4700
