exposure,beta,se,p,n
H1GI6C (AI/AN),-0.05822598863599673,0.06309062529645147,0.3577589016751146,4700
