outcome,beta_idgx2,se,p,n
HEIGHT_IN,-0.051960453774393164,0.017705174535928007,0.004050622977977758,3278
