cesd_reserve_mode,beta_idgx2,se,p,n
na,0.009263823101364756,0.003763713643211334,0.015366830758030803,3268
zero,0.009874244827287859,0.0037934413126004735,0.010492537759630993,3278
category,0.009886580842134481,0.0037937525577878698,0.010405302382551662,3278
