cesd_reserve_mode,beta_idgx2,se,p,n
na,0.009263823101364678,0.0037637136432113355,0.015366830758031635,3268
zero,0.009874244827287836,0.0037934413126004727,0.010492537759631198,3278
category,0.009886580842134392,0.003793752557787866,0.01040530238255225,3278
